,Blue,Red,LogID,GameMode,Map
0,@MST,Worse Comp Format,3662782,PL,pl_swiftwater_final1
1,FroggieLand,The Duddy Dudes,3662777,PL,pl_swiftwater_final1
2,Dreamybull's Kitchen,somebody help,3662759,PL,pl_swiftwater_final1
3,FroggieLand,The Duddy Dudes,3662757,PL,pl_swiftwater_final1
4,Impostors,The Hardworking Hornets,3662748,PL,pl_swiftwater_final1
5,Run It Back,Ohio Leif Village,3662745,PL,pl_swiftwater_final1
6,Worse Comp Format,@MST,3662721,PL,pl_swiftwater_final1
7,The Hardworking Hornets,Impostors,3662705,PL,pl_swiftwater_final1
8,The Duddy Dudes,FroggieLand,3662694,PL,pl_swiftwater_final1
9,Ohio Leif Village,Run It Back,3662685,PL,pl_swiftwater_final1
10,somebody help,Dreamybull's Kitchen,3662684,PL,pl_swiftwater_final1
11,@MST,Worse Comp Format,3662675,PL,pl_swiftwater_final1
12,Dreamybull's Kitchen,Run It Back,3662656,PL,pl_swiftwater_final1
13,Dreamybull's Kitchen,Run It Back,3662650,PL,pl_swiftwater_final1
14,FroggieLand,The Hardworking Hornets,3662640,PL,pl_swiftwater_final1
15,Ohio Leif Village,The Duddy Dudes,3662628,PL,pl_swiftwater_final1
16,Worse Comp Format,Unknown,3662625,PL,pl_swiftwater_final1
17,@MST,somebody help,3662623,PL,pl_swiftwater_final1
18,Unknown,Impostors,3662614,PL,pl_swiftwater_final1
19,Run It Back,Dreamybull's Kitchen,3662607,PL,pl_swiftwater_final1
20,The Duddy Dudes,Ohio Leif Village,3662599,PL,pl_swiftwater_final1
21,The Hardworking Hornets,FroggieLand,3662590,PL,pl_swiftwater_final1
22,somebody help,@MST,3662587,PL,pl_swiftwater_final1
23,Dreamybull's Kitchen,Run It Back,3662582,PL,pl_swiftwater_final1
24,Impostors,Unknown,3662580,PL,pl_swiftwater_final1
25,Ohio Leif Village,Unknown,3662182,PL,pl_swiftwater_final1
26,@MST,Unknown,3662180,PL,pl_swiftwater_final1
27,FroggieLand,somebody help,3662172,PL,pl_swiftwater_final1
28,@MST,Unknown,3662166,PL,pl_swiftwater_final1
29,The Hardworking Hornets,Unknown,3662161,PL,pl_swiftwater_final1
30,Ohio Leif Village,Unknown,3662156,PL,pl_swiftwater_final1
31,FroggieLand,somebody help,3662153,PL,pl_swiftwater_final1
32,Run It Back,Unknown,3662124,PL,pl_swiftwater_final1
33,Unknown,The Hardworking Hornets,3662118,PL,pl_swiftwater_final1
34,Unknown,@MST,3662114,PL,pl_swiftwater_final1
35,Unknown,Run It Back,3662110,PL,pl_swiftwater_final1
36,Unknown,Ohio Leif Village,3662105,PL,pl_swiftwater_final1
37,somebody help,FroggieLand,3662098,PL,pl_swiftwater_final1
38,The Hardworking Hornets,Unknown,3662083,PL,pl_swiftwater_final1
39,The Hardworking Hornets,Unknown,3662080,PL,pl_swiftwater_final1
40,@MST,Run It Back,3662068,PL,pl_swiftwater_final1
41,FroggieLand,somebody help,3662060,PL,pl_swiftwater_final1
42,Ohio Leif Village,Unknown,3662049,PL,pl_swiftwater_final1
43,Unknown,The Hardworking Hornets,3662036,PL,pl_swiftwater_final1
44,Run It Back,@MST,3662028,PL,pl_swiftwater_final1
45,somebody help,FroggieLand,3662020,PL,pl_swiftwater_final1
46,Unknown,Ohio Leif Village,3662018,PL,pl_swiftwater_final1
47,@MST,Dreamybull's Kitchen,3661478,PL,pl_swiftwater_final1
48,@MST,Dreamybull's Kitchen,3661477,PL,pl_swiftwater_final1
49,somebody help,Run It Back,3661471,PL,pl_swiftwater_final1
50,The Duddy Dudes,The Hardworking Hornets,3661469,PL,pl_swiftwater_final1
51,Dreamybull's Kitchen,@MST,3661459,PL,pl_swiftwater_final1
52,Unknown,Ohio Leif Village,3661453,PL,pl_swiftwater_final1
53,Ohio Leif Village,Unknown,3661446,PL,pl_swiftwater_final1
54,Run It Back,somebody help,3661441,PL,pl_swiftwater_final1
55,The Hardworking Hornets,The Duddy Dudes,3661440,PL,pl_swiftwater_final1
56,Unknown,Dreamybull's Kitchen,3661424,PL,pl_swiftwater_final1
57,Unknown,Dreamybull's Kitchen,3661421,PL,pl_swiftwater_final1
58,Unknown,Run It Back,3661416,PL,pl_swiftwater_final1
59,somebody help,The Duddy Dudes,3661406,PL,pl_swiftwater_final1
60,The Hardworking Hornets,Ohio Leif Village,3661405,PL,pl_swiftwater_final1
61,Unknown,Run It Back,3661400,PL,pl_swiftwater_final1
62,The Duddy Dudes,somebody help,3661394,PL,pl_swiftwater_final1
63,Ohio Leif Village,The Hardworking Hornets,3661391,PL,pl_swiftwater_final1
64,Dreamybull's Kitchen,Unknown,3661389,PL,pl_swiftwater_final1
65,Run It Back,Unknown,3661371,PL,pl_swiftwater_final1
66,Unknown,The Duddy Dudes,3661370,PL,pl_swiftwater_final1
67,The Hardworking Hornets,Ohio Leif Village,3661366,PL,pl_swiftwater_final1
68,Ohio Leif Village,@MST,3658586,KOTH,koth_product_final
69,The Duddy Dudes,Run It Back,3658569,KOTH,koth_product_final
70,The Duddy Dudes,Run It Back,3658541,KOTH,koth_product_final
71,Dreamybull's Kitchen,Worse Comp Format,3658537,KOTH,koth_product_final
72,Impostors,somebody help,3658533,KOTH,koth_product_final
73,Ohio Leif Village,@MST,3658521,KOTH,koth_product_final
74,The Duddy Dudes,Run It Back,3658498,KOTH,koth_product_final
75,Impostors,somebody help,3658495,KOTH,koth_product_final
76,Dreamybull's Kitchen,Worse Comp Format,3658491,KOTH,koth_product_final
77,Ohio Leif Village,@MST,3658489,KOTH,koth_product_final
78,Dreamybull's Kitchen,Run It Back,3658460,KOTH,koth_product_final
79,The Duddy Dudes,Ohio Leif Village,3658459,KOTH,koth_product_final
80,Impostors,Unknown,3658437,KOTH,koth_product_final
81,FroggieLand,Worse Comp Format,3658436,KOTH,koth_product_final
82,Dreamybull's Kitchen,Run It Back,3658428,KOTH,koth_product_final
83,The Duddy Dudes,Ohio Leif Village,3658421,KOTH,koth_product_final
84,@MST,somebody help,3658416,KOTH,koth_product_final
85,FroggieLand,Worse Comp Format,3658390,KOTH,koth_product_final
86,@MST,somebody help,3658389,KOTH,koth_product_final
87,The Duddy Dudes,Ohio Leif Village,3658386,KOTH,koth_product_final
88,Impostors,Unknown,3658384,KOTH,koth_product_final
89,Dreamybull's Kitchen,Run It Back,3658382,KOTH,koth_product_final
90,Unknown,Run It Back,3657948,KOTH,koth_product_final
91,Dreamybull's Kitchen,Ohio Leif Village,3657942,KOTH,koth_product_final
92,Unknown,@MST,3657938,KOTH,koth_product_final
93,Unknown,@MST,3657926,KOTH,koth_product_final
94,Impostors,The Hardworking Hornets,3657921,KOTH,koth_product_final
95,Unknown,Run It Back,3657903,KOTH,koth_product_final
96,Dreamybull's Kitchen,Ohio Leif Village,3657900,KOTH,koth_product_final
97,Worse Comp Format,somebody help,3657891,KOTH,koth_product_final
98,Impostors,The Hardworking Hornets,3657886,KOTH,koth_product_final
99,Unknown,@MST,3657871,KOTH,koth_product_final
100,Unknown,Run It Back,3657869,KOTH,koth_product_final
101,Dreamybull's Kitchen,Ohio Leif Village,3657866,KOTH,koth_product_final
102,Worse Comp Format,somebody help,3657864,KOTH,koth_product_final
103,Impostors,The Hardworking Hornets,3657858,KOTH,koth_product_final
104,Impostors,Worse Comp Format,3657839,KOTH,koth_product_final
105,Run It Back,@MST,3657833,KOTH,koth_product_final
106,Unknown,Dreamybull's Kitchen,3657831,KOTH,koth_product_final
107,Unknown,Dreamybull's Kitchen,3657830,KOTH,koth_product_final
108,Unknown,Dreamybull's Kitchen,3657816,KOTH,koth_product_final
109,Unknown,somebody help,3657814,KOTH,koth_product_final
110,The Duddy Dudes,Ohio Leif Village,3657813,KOTH,koth_product_final
111,Run It Back,@MST,3657807,KOTH,koth_product_final
112,Unknown,Dreamybull's Kitchen,3657792,KOTH,koth_product_final
113,Unknown,somebody help,3657782,KOTH,koth_product_final
114,Impostors,Worse Comp Format,3657778,KOTH,koth_product_final
115,The Duddy Dudes,Ohio Leif Village,3657776,KOTH,koth_product_final
116,Run It Back,@MST,3657772,KOTH,koth_product_final
117,Ohio Leif Village,FroggieLand,3657229,KOTH,koth_product_final
118,Dreamybull's Kitchen,@MST,3657220,KOTH,koth_product_final
119,The Duddy Dudes,The Hardworking Hornets,3657214,KOTH,koth_product_final
120,Dreamybull's Kitchen,@MST,3657208,KOTH,koth_product_final
121,Ohio Leif Village,FroggieLand,3657205,KOTH,koth_product_final
122,Dreamybull's Kitchen,@MST,3657180,KOTH,koth_product_final
123,The Duddy Dudes,The Hardworking Hornets,3657178,KOTH,koth_product_final
124,Ohio Leif Village,FroggieLand,3657175,KOTH,koth_product_final
125,Ohio Leif Village,The Hardworking Hornets,3657171,KOTH,koth_product_final
126,FroggieLand,Dreamybull's Kitchen,3657170,KOTH,koth_product_final
127,FroggieLand,Dreamybull's Kitchen,3657169,KOTH,koth_product_final
128,Unknown,Run It Back,3657148,KOTH,koth_product_final
129,Ohio Leif Village,The Hardworking Hornets,3657147,KOTH,koth_product_final
130,Unknown,@MST,3657144,KOTH,koth_product_final
131,FroggieLand,Dreamybull's Kitchen,3657136,KOTH,koth_product_final
132,Ohio Leif Village,The Hardworking Hornets,3657111,KOTH,koth_product_final
133,Unknown,Run It Back,3657107,KOTH,koth_product_final
134,Unknown,@MST,3657101,KOTH,koth_product_final
135,Ohio Leif Village,The Hardworking Hornets,3657098,KOTH,koth_product_final
136,Run It Back,Dreamybull's Kitchen,3654347,PL,pl_vigil_rc10
137,Impostors,Dreamybull's Kitchen,3654295,PL,pl_vigil_rc10
138,Dreamybull's Kitchen,Impostors,3654278,PL,pl_vigil_rc10
139,Dreamybull's Kitchen,Impostors,3654266,PL,pl_vigil_rc10
140,FroggieLand,The Hardworking Hornets,3654262,PL,pl_vigil_rc10
141,The Duddy Dudes,Ohio Leif Village,3654259,PL,pl_vigil_rc10
142,Run It Back,FroggieLand,3654250,PL,pl_vigil_rc10
143,Run It Back,FroggieLand,3654247,PL,pl_vigil_rc10
144,@MST,The Hardworking Hornets,3654235,PL,pl_vigil_rc10
145,The Duddy Dudes,Ohio Leif Village,3654233,PL,pl_vigil_rc10
146,@MST,The Hardworking Hornets,3654208,PL,pl_vigil_rc10
147,Impostors,Dreamybull's Kitchen,3654203,PL,pl_vigil_rc10
148,FroggieLand,Run It Back,3654196,PL,pl_vigil_rc10
149,Worse Comp Format,somebody help,3654195,PL,pl_vigil_rc10
150,Ohio Leif Village,The Duddy Dudes,3654172,PL,pl_vigil_rc10
151,somebody help,Worse Comp Format,3654153,PL,pl_vigil_rc10
152,Run It Back,FroggieLand,3654151,PL,pl_vigil_rc10
153,The Hardworking Hornets,@MST,3654150,PL,pl_vigil_rc10
154,Dreamybull's Kitchen,Impostors,3654142,PL,pl_vigil_rc10
155,The Duddy Dudes,Ohio Leif Village,3654130,PL,pl_vigil_rc10
156,Run It Back,Dreamybull's Kitchen,3654116,PL,pl_vigil_rc10
157,somebody help,@MST,3654110,PL,pl_vigil_rc10
158,Dreamybull's Kitchen,Run It Back,3654094,PL,pl_vigil_rc10
159,FroggieLand,The Hardworking Hornets,3654086,PL,pl_vigil_rc10
160,Ohio Leif Village,Worse Comp Format,3654084,PL,pl_vigil_rc10
161,Unknown,Impostors,3654080,PL,pl_vigil_rc10
162,@MST,somebody help,3654062,PL,pl_vigil_rc10
163,The Hardworking Hornets,FroggieLand,3654046,PL,pl_vigil_rc10
164,Run It Back,Dreamybull's Kitchen,3654045,PL,pl_vigil_rc10
165,Impostors,Unknown,3654039,PL,pl_vigil_rc10
166,Worse Comp Format,Ohio Leif Village,3654036,PL,pl_vigil_rc10
167,somebody help,@MST,3654033,PL,pl_vigil_rc10
168,Dreamybull's Kitchen,Ohio Leif Village,3653567,PL,pl_vigil_rc10
169,Unknown,Worse Comp Format,3653564,PL,pl_vigil_rc10
170,The Duddy Dudes,Run It Back,3653559,PL,pl_vigil_rc10
171,Unknown,@MST,3653553,PL,pl_vigil_rc10
172,Dreamybull's Kitchen,Ohio Leif Village,3653550,PL,pl_vigil_rc10
173,Impostors,somebody help,3653548,PL,pl_vigil_rc10
174,Unknown,The Hardworking Hornets,3653547,PL,pl_vigil_rc10
175,Unknown,The Hardworking Hornets,3653545,PL,pl_vigil_rc10
176,Unknown,@MST,3653534,PL,pl_vigil_rc10
177,Worse Comp Format,Unknown,3653526,PL,pl_vigil_rc10
178,Ohio Leif Village,Dreamybull's Kitchen,3653522,PL,pl_vigil_rc10
179,somebody help,Impostors,3653519,PL,pl_vigil_rc10
180,Run It Back,The Duddy Dudes,3653518,PL,pl_vigil_rc10
181,The Hardworking Hornets,Unknown,3653513,PL,pl_vigil_rc10
182,@MST,Unknown,3653509,PL,pl_vigil_rc10
183,Dreamybull's Kitchen,Ohio Leif Village,3653502,PL,pl_vigil_rc10
184,Ohio Leif Village,Dreamybull's Kitchen,3653495,PL,pl_vigil_rc10
185,Unknown,Worse Comp Format,3653487,PL,pl_vigil_rc10
186,The Duddy Dudes,Run It Back,3653484,PL,pl_vigil_rc10
187,Unknown,@MST,3653477,PL,pl_vigil_rc10
188,Impostors,somebody help,3653472,PL,pl_vigil_rc10
189,The Hardworking Hornets,Ohio Leif Village,3653461,PL,pl_vigil_rc10
190,Worse Comp Format,Dreamybull's Kitchen,3653453,PL,pl_vigil_rc10
191,The Hardworking Hornets,Ohio Leif Village,3653449,PL,pl_vigil_rc10
192,@MST,Run It Back,3653444,PL,pl_vigil_rc10
193,Unknown,somebody help,3653435,PL,pl_vigil_rc10
194,Unknown,Impostors,3653433,PL,pl_vigil_rc10
195,Dreamybull's Kitchen,Worse Comp Format,3653426,PL,pl_vigil_rc10
196,somebody help,Unknown,3653414,PL,pl_vigil_rc10
197,Ohio Leif Village,The Hardworking Hornets,3653400,PL,pl_vigil_rc10
198,Impostors,Unknown,3653392,PL,pl_vigil_rc10
199,Run It Back,@MST,3653391,PL,pl_vigil_rc10
200,Worse Comp Format,Dreamybull's Kitchen,3653390,PL,pl_vigil_rc10
201,Ohio Leif Village,Unknown,3652839,PL,pl_vigil_rc10
202,@MST,Dreamybull's Kitchen,3652832,PL,pl_vigil_rc10
203,Ohio Leif Village,Unknown,3652831,PL,pl_vigil_rc10
204,Unknown,Impostors,3652821,PL,pl_vigil_rc10
205,Dreamybull's Kitchen,@MST,3652819,PL,pl_vigil_rc10
206,Run It Back,somebody help,3652812,PL,pl_vigil_rc10
207,Unknown,Ohio Leif Village,3652794,PL,pl_vigil_rc10
208,Impostors,Unknown,3652783,PL,pl_vigil_rc10
209,somebody help,Run It Back,3652775,PL,pl_vigil_rc10
210,@MST,Dreamybull's Kitchen,3652773,PL,pl_vigil_rc10
211,Ohio Leif Village,Unknown,3652765,PL,pl_vigil_rc10
212,Unknown,Dreamybull's Kitchen,3652759,PL,pl_vigil_rc10
213,Unknown,Dreamybull's Kitchen,3652756,PL,pl_vigil_rc10
214,Run It Back,Impostors,3652755,PL,pl_vigil_rc10
215,Unknown,somebody help,3652744,PL,pl_vigil_rc10
216,Unknown,Ohio Leif Village,3652743,PL,pl_vigil_rc10
217,Unknown,@MST,3652737,PL,pl_vigil_rc10
218,Ohio Leif Village,Unknown,3652725,PL,pl_vigil_rc10
219,Impostors,Run It Back,3652723,PL,pl_vigil_rc10
220,Dreamybull's Kitchen,Unknown,3652720,PL,pl_vigil_rc10
221,somebody help,Unknown,3652713,PL,pl_vigil_rc10
222,@MST,Unknown,3652704,PL,pl_vigil_rc10
223,Unknown,somebody help,3652703,PL,pl_vigil_rc10
224,Run It Back,Impostors,3652697,PL,pl_vigil_rc10
225,Unknown,Ohio Leif Village,3652693,PL,pl_vigil_rc10
226,somebody help,Unknown,3652690,PL,pl_vigil_rc10
227,Dreamybull's Kitchen,Ohio Leif Village,3649865,PL,pl_upward_f10
228,@MST,Impostors,3649855,PL,pl_upward_f11
229,Ohio Leif Village,Dreamybull's Kitchen,3649798,KOTH,koth_ashville_final1
230,Impostors,@MST,3649793,KOTH,koth_product_final
231,Unknown,Dreamybull's Kitchen,3649780,KOTH,koth_product_final
232,Dreamybull's Kitchen,Unknown,3649763,PL,pl_vigil_rc10
233,@MST,Unknown,3649762,PL,pl_vigil_rc10
234,Impostors,Unknown,3649740,KOTH,koth_product_final
235,Run It Back,Unknown,3649736,KOTH,koth_ashville_final
236,Unknown,Dreamybull's Kitchen,3649734,PL,pl_vigil_rc10
237,Impostors,Unknown,3649727,PL,pl_vigil_rc10
238,Run It Back,Unknown,3649721,KOTH,koth_ashville_final
239,Unknown,@MST,3649720,KOTH,koth_product_final
240,Ohio Leif Village,Unknown,3649223,KOTH,koth_product_final
241,FroggieLand,Unknown,3649208,KOTH,koth_product_final
242,Unknown,Ohio Leif Village,3649200,PL,pl_upward_f12
243,FroggieLand,Unknown,3649187,PL,pl_vigil_rc10
244,@MST,Unknown,3649174,KOTH,koth_ashville_final
245,Ohio Leif Village,Unknown,3649169,KOTH,koth_cascade_rc1a
246,@MST,Unknown,3649159,KOTH,koth_ashville_final
247,Dreamybull's Kitchen,Unknown,3649148,KOTH,koth_product_final
248,Unknown,@MST,3649133,PL,pl_vigil_rc10
249,Unknown,Dreamybull's Kitchen,3649124,PL,pl_vigil_rc10
250,Unknown,Ohio Leif Village,3649123,KOTH,koth_lakeside_r2
251,Dreamybull's Kitchen,@MST,3648542,PL,pl_vigil_rc9
252,FroggieLand,Ohio Leif Village,3648532,KOTH,koth_ashville_final1
253,Ohio Leif Village,FroggieLand,3648510,PL,pl_swiftwater_final1
254,@MST,Dreamybull's Kitchen,3648501,KOTH,koth_product_final
255,Dreamybull's Kitchen,Unknown,3648471,PL,pl_vigil_rc10
256,FroggieLand,Unknown,3648464,KOTH,koth_ashville_final1
257,Ohio Leif Village,Unknown,3648463,PL,pl_upward_f11
258,Unknown,Ohio Leif Village,3648449,PL,pl_upward_f11
259,Unknown,FroggieLand,3648438,PL,pl_upward_f11
260,Unknown,Ohio Leif Village,3648422,KOTH,koth_ashville_final
261,Unknown,Dreamybull's Kitchen,3648419,KOTH,koth_ashville_final
262,@MST,Unknown,3645921,PL,pl_vigil_rc10
263,Dreamybull's Kitchen,Worse Comp Format,3645912,PL,pl_vigil_rc10
264,Unknown,@MST,3645886,PL,pl_vigil_rc10
265,Impostors,Unknown,3645873,KOTH,koth_product_final
266,Dreamybull's Kitchen,Worse Comp Format,3645858,KOTH,koth_product_final
267,Unknown,Impostors,3645843,PL,pl_vigil_rc10
268,Unknown,@MST,3645839,KOTH,koth_ashville_final
269,Dreamybull's Kitchen,Ohio Leif Village,3645816,KOTH,koth_lakeside_final
270,@MST,Unknown,3645805,KOTH,koth_ashville_final
271,Ohio Leif Village,Dreamybull's Kitchen,3645790,PL,pl_upward_f10
272,@MST,Unknown,3645787,PL,pl_vigil_rc10
273,Unknown,@MST,3645765,PL,pl_vigil_rc10
274,Unknown,Ohio Leif Village,3645370,PL,pl_vigil_rc10
275,Dreamybull's Kitchen,@MST,3645366,PL,pl_vigil_rc10
276,Unknown,The Duddy Dudes,3645350,KOTH,koth_product_final
277,Unknown,Impostors,3645337,KOTH,koth_ashville_final1
278,Dreamybull's Kitchen,@MST,3645325,KOTH,koth_ashville_final
279,Unknown,Ohio Leif Village,3645320,KOTH,koth_product_final
280,Unknown,The Duddy Dudes,3645316,KOTH,koth_cascade_rc1a
281,Impostors,Unknown,3645310,PL,pl_vigil_rc10
282,Unknown,Dreamybull's Kitchen,3645305,PL,pl_upward_f11
283,@MST,Unknown,3645281,KOTH,koth_ashville_final1
284,The Duddy Dudes,Unknown,3645268,PL,pl_vigil_rc10
285,@MST,Unknown,3645263,KOTH,koth_lakeside_r2
286,Unknown,Dreamybull's Kitchen,3645262,KOTH,koth_ashville_final1
287,Unknown,Impostors,3645252,KOTH,koth_ashville_final1
288,The Duddy Dudes,Unknown,3645231,KOTH,koth_lakeside_r2
289,@MST,Unknown,3645230,KOTH,koth_lakeside_r2
290,Unknown,Impostors,3645229,PL,pl_vigil_rc10
291,Unknown,@MST,3644780,PL,pl_vigil_rc10
292,Unknown,Dreamybull's Kitchen,3644758,KOTH,koth_lakeside_r2
293,Unknown,@MST,3644746,KOTH,koth_product_final
294,Impostors,Unknown,3644732,KOTH,koth_product_final
295,Unknown,@MST,3644731,KOTH,koth_product_final
296,Dreamybull's Kitchen,Unknown,3644726,KOTH,koth_ashville_final1
297,Unknown,Impostors,3644718,PL,pl_vigil_rc10
298,Dreamybull's Kitchen,Unknown,3644702,PL,pl_vigil_rc10
299,Impostors,Unknown,3644681,KOTH,koth_product_final
300,Unknown,Dreamybull's Kitchen,3644678,KOTH,koth_product_final
301,Unknown,Impostors,3644667,PL,pl_vigil_rc10
302,somebody help,@MST,3641712,PL,pl_vigil_rc10
303,somebody help,@MST,3641679,PL,pl_vigil_rc10
304,Unknown,Dreamybull's Kitchen,3641678,KOTH,koth_product_final
305,somebody help,@MST,3641636,PL,pl_upward_f10
306,Unknown,Dreamybull's Kitchen,3641615,KOTH,koth_ashville_final1
307,@MST,somebody help,3641587,KOTH,koth_product_final
308,Unknown,Dreamybull's Kitchen,3641583,KOTH,koth_product_final
309,@MST,Unknown,3641159,PL,pl_vigil_rc10
310,FroggieLand,Impostors,3641153,PL,pl_upward_f11
311,Dreamybull's Kitchen,Unknown,3641147,KOTH,koth_product_final
312,Dreamybull's Kitchen,Unknown,3641125,KOTH,koth_ashville_final
313,@MST,Unknown,3641108,KOTH,koth_ashville_final
314,FroggieLand,Impostors,3641107,KOTH,koth_ashville_final1
315,somebody help,Unknown,3641091,PL,pl_vigil_rc10
316,Dreamybull's Kitchen,Unknown,3641086,KOTH,koth_product_final
317,Unknown,FroggieLand,3641083,PL,pl_vigil_rc10
318,@MST,Unknown,3641074,PL,pl_vigil_rc10
319,Dreamybull's Kitchen,Unknown,3641070,KOTH,koth_product_final
320,Dreamybull's Kitchen,Unknown,3641061,KOTH,koth_product_final
321,@MST,Unknown,3641048,KOTH,koth_product_final
322,Unknown,Dreamybull's Kitchen,3641045,PL,pl_upward
323,Unknown,somebody help,3641044,KOTH,koth_product_final
324,FroggieLand,Unknown,3641043,KOTH,koth_ashville_final
325,Unknown,@MST,3640490,PL,pl_upward_f11
326,@MST,Unknown,3640458,KOTH,koth_product_final
327,Unknown,@MST,3640425,KOTH,koth_ashville_final
328,@MST,Unknown,3640413,PL,pl_vigil_rc10
